License plate,Chassis number,Model
D-1,200215712,4069LE
D-2,200215648,4069LE Modify To 4669LE
D-3,200214160,4069LE
D-4,200159774,4069LE
D-5,200161574,4069LE
D-6,200214010,4069LE Modify To 4669LE
D-7,200178590,4069LE
D-8,200181187,4069LE Modify To 4669LE
D-9,200181148,4069LE
D-10,200186984,4069LE
D-11,200175168,4069LE
D-12,200161527,4069LE
D-13,200163665,4069LE
D-14,200161053,4069LE
D-15,200213630,4069LE Modify To 4669LE
D-16,200176901,4069LE
D-17,200212585,4069LE
D-18,200174854,4069LE
D-19,200178749,4069LE
D-20,200180884,4069LE
D-21,200164417,4069LE
D-22,300107560,460SJ
D-23,300120778,660SJ
D-24,300120842,660SJ
D-25,200164170,4069LE
D-26,15847,Z45/25
D-27,15759,Z45/25
D-28,Z452504-23995,Z45/25J
D-29,Z-45-011259,Z45/25
D-30,Z452503-22091,Z45/25
D-31,Z452512A-44117,Z45/25J
D-32,Z4525-14960,Z45/25
D-33,Z455204-22584,Z45/25J
D-34,14323,Z45/25J DC
D-35,Z4525-18697,Z45/25
D-36,Z-4525-19434,Z45/25
D-37,Z4525-18703,Z45/25
D-38,Z4525-17493,Z45/25J
D-39,Z4525-18256,Z45/25J
D-40,Z452505-25129,Z45/25J
D-41,Z452513A-47416,Z45/25J
D-42,Z452505-25976,Z45/25J
D-43,Z-45-010882,Z45/25J
D-44,Z452507-33967,Z45/25
D-45,Z4525-17403,Z45/25J
D-46,LXGCPA325DA002650,QY25K5-I
D-47,LXGCPA325DA002633,QY25K5-I
D-48,300101197,E600JP
D-49,300106960,460SJ
D-50,300120976,460SJ
D-51,300119175,600SC
D-52,300117314,600SC
D-53,B300000837,18RS
D-54,B300000844,18RS
D-55,B300000857,18RS
D-56,300117700,460SJ
D-57,300119909,660SJ
D-58,300120950,660SJ
D-59,300107148,E600JP
D-60,300102280,E600JP
D-61,300120760,E600JP
D-62,300120295,E600JP
D-63,300119948,E600JP
D-64,300120355,E600JP
D-65,300110545,E600JP
D-66,300120654,E600JP
D-67,300121227,E600JP
D-68,300128707,E600JP
D-69,B300000850,18RS
D-70,200215679,4069LE
D-71,300120704,E600JP
D-72,200180804,4069LE Modify To 4669LE
D-73,300113763,460SJ
D-74,300122657,E600JP
D-75,300109755,460SJ
D-76,300078904,E600JP
D-77,300121048,E600JP
D-78,300119877,460SJ
D-79,300120256,600SC
D-80,300107208,E600JP
D-81,200214302,4069LE
D-82,B300000824,24RS
D-83,300119939,460SJ
D-84,300118852,E600JP
D-85,300121837,E600JP
D-86,B200018457,3246ES
D-87,B200019473,3246ES
D-88,B200019064,3246ES
D-89,B200019068,3246ES
D-90,B200017947,3246ES
D-91,B200019067,3246ES
D-92,B200019065,3246ES
D-93,B200018458,3246ES
D-94,300119482,460SJ
D-95,300121505,600SC
D-96,300125943,660SJC
D-97,300091655,660SJC
D-98,300098040,E600JP
D-99,300120283,460SJ
D-100,200164209,4069LE
D-101,300122021,600SC
D-102,300111168,600SC
D-103,200214305,4069LE
D-104,200182217,4069LE
D-105,300120029,600SC
D-106,300121574,660SJ
D-107,300122775,E600JP
D-108,300100939,E600JP
D-116,200214303,4069LE
D-117,JK6CTB04E00005031,ZX140W-3F
D-118,B300000872,24RS
D-119,B300000822,24RS
D-121,300194450,E300AJP
D-122,300194392,E300AJP
D-123,900035634,41AM
D-124,900035893,41AM
D-125,900035630,41AM
D-126,900035879,41AM
D-127,200243282,1230ES
D-128,200243502,1230ES
D-129,200243524,1230ES
D-130,200243256,1230ES
D-131,200243575,1230ES
D-132,200243624,1230ES
D-133,200243601,1230ES
D-134,200243305,1230ES
D-135,200243553,1230ES
D-136,200243232,1230ES
D-137,JK6CTB04E00005041,ZX140W-3F
D-141,300197694,1200SJP
D-142,300196662,1200SJP
D-143,61323,GS3246
D-144,46196596,GS3246
D-145,73668,GS3246
D-146,GS4611A-96506,GS3246
D-147,GS4605-63649,GS2646
D-148,GS4611A-96506,GS2646
D-149,76574,GS3246
D-150,61328,GS3246
D-151,GS4611A - 96596,GS3246
D-152,GS4611A - 96598,GS3246
D-153,GS4611A - 95397,GS3246
D-154,81220,GS3246
D-155,61802,GS3246
D-156,4610A-95397,GS3246
D-157,Z452506-29352,Z45/25
D-158,Z452506-29501,Z45/25
D-159,Z45-012220,Z45/25
D-160,Z-45-013045,Z45/25 Bi-Energy
D-161,Z4525-18498,Z45/25
D-162,Z452506-29354,Z45/25
D-163,Z452511A-40585,Z45/25
D-164,Z452504-23006,Z-45/25
D-165,Z452511A-40606,Z45/25
D-166,300199559,800S
D-167,300199977,800S
D-168,300205554,800S
D-169,300205204,800S
D-170,300204613,800S
D-172,Z-45-012869,Z45/25
D-173,200207600,1230ES
D-174,200206797,1230ES
D-175,200207887,1230ES
D-176,A200008052,1230ES
D-177,A200007809,1230ES
D-178,300110919,E300AJP
D-179,300105024,E300AJP
D-180,300107402,450AJ
D-181,A200007798,1230ES
D-182,300102716,E300AJP
D-183,200117425,1930ES
D-184,300109636,E300AJP
D-185,300102545,E300AJP
D-186,300078554,660SJ
D-187,B200005070,1930ES
D-188,300116467,E300AJP
D-189,300105134,E300AJP
D-190,300116658,E300AJP
D-191,B200005071,1930ES
D-192,1200011171,1930ES
D-193,JK6CTB04G00005066,ZX140W-3F
D-194,300102693,E300AJP
D-195,300118130,E300AJP
D-196,300117334,E300AJP
D-197,300111982,E300AJP
D-198,1200022464,1930ES
D-199,300094516,E400AJPN
D-200,200116993,1930ES
D-202,200117207,2630ES
D-203,200207621,1230ES
D-204,300097391,450AJSII
D-205,300105884,450AJ
D-206,200153615,M4069
D-207,300124176,450AJ
D-208,1200009525,2646ES
D-209,1200013232,1930ES
D-210,300103252,450AJ
D-211,A300033790,E33MJ
D-212,A300034085,E33MJ
D-213,A300034092,E33MJ
D-214,A300033844,E33MJ
D-215,A300034072,E33MJ
D-216,A300034078,E33MJ
D-217,JK6CTB04G00005085,ZX140W-3F
D-219,300208016,E600JP
D-220,200145810,1930ES
D-221,200152847,1930ES
D-222,200153237,1930ES
D-223,200152871,1930ES
D-224,200152826,1930ES
D-225,300129769,M600JP
D-226,200145719,1930ES
D-227,300111734,M600J
D-228,300138323,M600JP
D-229,300130857,M600JP
D-230,130009485,15MVL
D-231,130009580,15MVL
D-232,130009875,15MVL
D-233,130009719,15MVL
D-234,130009566,15MVL
D-235,130009779,15MVL
D-236,1200002113,1930ES
D-237,1200012041,1930ES
D-238,1200011691,2030ES
D-239,A200008420,1230ES
D-240,A200008109,1230ES
D-241,A200007826,1230ES
D-242,A200008419,1230ES
D-243,A200008709,1230ES
D-244,200152841,1930ES
D-245,200153677,1930ES
D-246,200145653,1930ES
D-247,200145643,1930ES
D-248,200154445,1930ES
D-249,B200042647,4045R
D-250,B200043345,4045R
D-251,B200043346,4045R
D-252,B200043347,4045R
D-253,B200043348,4045R
D-254,B200043349,4045R
D-255,B200043377,4045R
D-256,B200043573,4045R
D-257,B200044325,4045R
D-258,B200044328,4045R
D-259,B200044327,4045R
D-260,B200044326,4045R
D-261,B200038311,3246ES
D-262,B200038312,3246ES
D-263,B200038313,3246ES
D-264,B200038309,3246ES
D-265,1200011849,2030ES Modify To 2630ES
D-266,1200010843,2030ES Modify To 2630ES
D-267,300119055,E300AJP
D-268,200152638,1930ES
D-269,200152636,1930ES
D-271,B300002534,E450AJ
D-272,B300002507,E450AJ
D-273,B300002577,E450AJ
D-274,B300002535,E450AJ
D-275,B200039005,3246ES
D-276,B200039565,3246ES
D-277,B200039004,3246ES
D-278,B200039003,3246ES
D-279,B200039272,3246ES
D-280,B200039006,3246ES
D-281,B200039564,3246ES
D-282,B200039273,3246ES
D-283,B200039271,3246ES
D-284,B200039562,3246ES
D-285,B200039007,3246ES
D-286,B200039563,3246ES
D-287,B200039322,3246ES
D-288,B200039008,3246ES
D-289,B200039566,3246ES
D-290,B200039567,3246ES
D-291,300103968,800S
D-292,HL220E25.00.8220,HL-220 E25
D-293,HL220E25.00.8219,HL-220 E25
D-294,1200017945,2030ES Modify To 2630ES
D-295,1200014926,2030ES Modify To 2630ES
D-296,1200013924,2030ES Modify To 2630ES
D-297,200188264,2030ES Modify To 2630ES
D-298,None,1930ES
D-299,300125579,450AJ
D-300,1200017394,2030ES Modify To 2630ES
D-301,1200019002,1930ES
D-302,130011383,20MVL
D-303,1200014852,2030ES Modify To 2630ES
D-304,1200019009,2630ES
D-305,200128510,2630ES
D-306,300133663,E600JP
D-307,A300018051,E18MJ
D-308,A300026099,E26MJ
D-309,A300026071,E26MJ
D-310,300100818,E600JP
D-311,300055749,E600
D-312,Y050000116000246,3509.D
D-313,130008651,15MVL
D-314,130008674,15MVL
D-315,130008655,15MVL
D-316,B200043681,1932R
D-317,B200044391,1932R
D-318,B200044392,1932R
D-319,B200044393,1932R
D-320,B200044394,1932R
D-321,B200044395,1932R
D-322,B200045463,1932R
D-323,B200045464,1932R
D-324,B200045465,1932R
D-325,B200045466,1932R
D-326,B200045467,1932R
D-327,B200045468,1932R
D-328,B200045469,1932R
D-329,300055307,E600
D-330,300107790,E300AJP
D-331,A300018071,E18MJ
D-332,A300026076,E26MJ
D-333,300120799,E400AJPN
D-334,300121752,E300AJP
D-335,1200020428,1930ES
D-336,1200020429,1930ES
D-337,200188298,1930ES
D-338,200117107,2630ES
D-339,130009854,15MVL
D-340,B200053514,4045R
D-341,B200053352,4045R
D-342,B200053353,4045R
D-343,B200053351,4045R
D-344,B200053350,4045R
D-345,B200053354,4045R
D-346,B200000357,1930ES
D-347,1200020596,1930ES
D-348,C170002000,X33J Plus
D-349,130008599,15MVL
D-350,A300026077,E26MJ
D-351,B200051796,4045R
D-352,B200051880,4045R
D-353,B200051881,4045R
D-354,B200051882,4045R
D-355,B200051883,4045R
D-356,B200052001,4045R
D-357,300237348,1500AJP
D-358,300249386,1500AJP
D-359,300138256,M600JP
D-360,300138255,M600JP
D-361,300136577,E600JP
D-362,300137392,M600JP
D-363,300136213,M600JP
D-364,300137464,M600JP
D-365,300128871,E600JP
D-366,300133619,M600JP
D-367,300137905,M600JP
D-368,300104494,E600JP
D-369,C170002130,X33J Plus
D-370,HL190E12.00.8591,HL-190 E12
D-371,HL190E12.00.8592,HL-190 E12
D-372,HL190E12.00.8593,HL-190 E12
D-373,HL190E12.00.8594,HL-190 E12
D-374,300144528,E300AJP
D-375,300134651,E300AJP
D-376,300077163,M600J
D-377,300135457,M600J
D-378,300135481,M600J
D-379,300135632,M600J
D-380,300100133,860SJ
D-381,300125403,860SJ
D-382,300126877,M600JP
D-383,300131084,M600JP
D-384,1200024077,1930ES
D-385,1200024039,1930ES
D-386,1200023400,1930ES
D-387,1200024042,1930ES
D-388,200192815,2630ES
D-389,300124689,800AJ
D-390,300103784,800A
D-391,300135384,E600JP
D-392,300140620,M600JP
D-393,300138646,E300AJP
D-394,200193955,2630ES
D-395,200192909,2630ES
D-396,200117107,2030ES Modify To 2630ES
D-397,200192787,2030ES Modify To 2630ES
D-398,300140235,M600JP
D-399,300096905,E600JP
D-400,B300006551,860SJ
D-401,B300006547,860SJ
D-402,B300006548,860SJ
D-403,B300004373,1100SJ
D-404,B300004538,1100SJ
D-405,300146130,800AJ
D-406,300142341,600AJ
D-407,300133757,450AJ
D-408,300139935,450AJ
D-409,300139905,600AJ
D-410,300140694,800AJ
D-411,300080687,1350SJP
D-412,300097249,450AJSII
D-413,300140001,600AJ
D-414,300141349,800AJ
D-415,B300005004,E450AJ
D-416,B300009210,E450AJ
D-417,B300005204,E450AJ
D-418,B300007969,E450AJ
D-419,B300005155,E450AJ
D-420,B300005057,E450AJ
D-421,B300009129,E450AJ
D-422,B300005056,E450AJ
D-423,300139902,600AJ
D-424,300141156,600AJ
D-425,B300006441,E450AJ
D-426,B300006351,E450AJ
D-427,B300005949,E450AJ
D-428,B300006181,E450AJ
D-429,B300006519,E450AJ
D-430,B300006186,E450AJ
D-431,B300006187,E450AJ
D-432,B300006277,E450AJ
D-433,B300006438,E450AJ
D-434,B300006437,E450AJ
D-435,B300006525,E450AJ
D-436,B300006442,E450AJ
D-437,300142047,800AJ
D-438,300142060,800AJ
D-439,B300000362,600AJ
D-440,B300011399,E450AJ
D-441,B300006353,E450AJ
D-442,B300011504,E450AJ
D-443,B300007930,E450AJ
D-444,300145495,800AJ
D-445,300154425,800AJ
D-446,300145779,600AJ
D-447,300146521,800AJ
D-448,300143305,1350SJP
D-449,300140784,1250AJP
D-450,300113662,1350SJP
D-451,300123886,860SJ
D-452,300139973,800AJ
D-453,91074329,ETV 214
D-454,91075046,ETV 214
D-455,300141260,E300AJP
D-456,300140405,E300AJP
D-457,300148043,460SJ
D-458,300149014,460SJ
D-459,300144065,860SJ
D-460,300090458,1350SJP
D-461,B200060269,1932R
D-462,B200060265,1932R
D-463,B200060268,1932R
D-464,B200060272,1932R
D-465,B200060270,1932R
D-466,B200060271,1932R
D-467,300144796,1250AJP
D-468,B300011841,E450AJ
D-469,B300011550,E450AJ
D-470,B300012099,E450AJ
D-471,B300012057,E450AJ
D-472,B300011797,E450AJ
D-473,B300011895,E450AJ
D-474,300144475,1250AJP
D-475,300143787,860SJ
D-476,B200073769,ES2632
D-477,B200073770,ES2632
D-478,B200073861,ES2632
D-479,B200073862,ES2632
D-480,B200073863,ES2632
D-481,B200073918,ES2632
D-482,B200073919,ES2632
D-483,B200073920,ES2632
D-484,B200073992,ES2632
D-485,B200073993,ES2632
D-486,300102116,1250AJP
D-487,300105098,1250AJP
D-488,300148408,800AJ
D-489,A300090601,TOUCAN 10E
D-490,300104632,M600JP
D-491,300097000,860SJ
D-492,300081925,800AJ
D-493,300090435,800AJ
D-494,300130320,660SJC
D-495,B200000875,2646ES
D-496,200204271,2646ES
D-497,300126774,600SC
D-498,300127559,600SC
D-499,200203984,2646ES
D-500,B200003004,2646ES
D-501,B200000574,3246ES
D-502,B200003027,2646ES
D-503,B200005093,1930ES
D-504,300154915,800AJ
D-505,B200066113,R4045
D-506,B200066448,R4045
D-507,B200065650,R4045
D-508,B200066114,R4045
D-509,B200078887,ES3246
D-510,B200078509,ES3246
D-511,B200078508,ES3246
D-512,B200078631,ES3246
D-513,B200078507,ES3246
D-514,B200079210,ES3246
D-515,B200078510,ES3246
D-516,B200078886,ES3246
D-517,B200078627,ES3246
D-518,B200078883,ES3246
D-519,B200078885,ES3246
D-520,B200078875,ES3246
D-521,B200078876,ES3246
D-522,B200078882,ES3246
D-523,B200074562,ES3246
D-524,B200078884,ES3246
D-525,B200078628,ES3246
D-526,B200078879,ES3246
D-527,B200078630,ES3246
D-528,B200078503,ES3246
D-529,B200079209,ES3246
D-530,B200074561,ES3246
D-531,B200078878,ES3246
D-532,B200078881,ES3246
D-533,B200078880,ES3246
D-534,B200078877,ES3246
D-535,1300002068,510AJ4
D-536,1300007132,510AJ
D-537,300148767,460SJ
D-538,300106028,1250AJP
D-539,300128445,600SC
D-540,B300014786,660SJ
D-541,B300014746,660SJ
D-542,B300014751,660SJ
D-543,B300014747,660SJ
D-544,B300014004,860SJ
D-545,B300014009,860SJ
D-546,B300014006,860SJ
D-547,300155186,800AJ
D-548,300104580,1250AJP
D-549,300106952,E450AJ
D-550,300091456,E450AJ
D-551,G200004818,ES1932
D-552,G200004825,ES1932
D-553,G200004428,ES1932
D-554,G200004822,ES1932
D-555,G200004817,ES1932
D-556,G200004829,ES1932
D-557,G200004814,ES1932
D-558,G200004816,ES1932
D-559,G200004440,ES1932
D-560,G200004821,ES1932
D-561,G200004423,ES1932
D-562,G200004855,ES1932
D-563,G200004815,ES1932
D-564,G200004434,ES1932
D-565,G200004819,ES1932
D-566,G200004820,ES1932
D-567,G200004826,ES1932
D-568,G200004447,ES1932
D-569,G200004859,ES1932
D-570,G200004858,ES1932
D-571,G200004857,ES1932
D-572,G200004824,ES1932
D-573,G200004856,ES1932
D-574,G200004828,ES1932
D-575,G200004432,ES1932
D-576,G200004827,ES1932
D-577,B300013609,860SJ
D-578,B300013533,860SJ
D-579,B300014787,660SJ
D-580,300093266,E600JP
D-581,B300015165,660SJ
D-582,B300015164,660SJ
D-583,B300015163,660SJ
D-584,B300015162,660SJ
D-585,B300015167,660SJ
D-586,B300014638,860SJ
D-587,B300013930,860SJ
D-588,B300015713,860SJ
D-589,B300013996,860SJ
D-590,B300013994,860SJ
D-591,B200059417,3246R
D-592,B200059648,3246R
D-593,B200059647,3246R
D-594,B200059637,3246R
D-595,B200059418,3246R
D-596,B200059633,3246R
D-597,B200059416,3246R
D-598,B200059634,3246R
D-599,B200059650,3246R
D-600,B200059635,3246R
D-601,B200059636,3246R
D-602,B200059646,3246R
D-603,B200059652,3246R
D-604,B200059638,3246R
D-605,B200059651,3246R
D-606,B200059649,3246R
D-607,300108672,600AJ
D-608,300112715,M600J
D-609,300301377,E300AJP
D-610,300301308,E300AJP
D-611,B200059641,3246R
D-612,B200059657,3246R
D-613,B200059654,3246R
D-614,B200059658,3246R
D-615,B200059655,3246R
D-616,B200059660,3246R
D-617,B200059653,3246R
D-618,B200059645,3246R
D-619,B200059644,3246R
D-620,B200059640,3246R
D-621,B200059661,3246R
D-622,B200059639,3246R
D-623,B200059659,3246R
D-624,B200059656,3246R
D-625,B200059643,3246R
D-626,B200059642,3246R
D-627,B300020846,E450AJ
D-628,B300020845,E450AJ
D-629,300086132,M600JP
D-630,300089064,M600JP
D-631,300055948,M600
D-632,130013458,20MVL
D-633,300085663,M600JP
D-634,300104096,M600JP
D-635,300081641,M600JP
D-636,300082316,M600JP
D-637,B300022010,E450AJ
D-638,B300022008,E450AJ
D-639,B300021901,E450AJ
D-640,B300022009,E450AJ
D-641,B300021756,E450AJ
D-642,B300022352,E450AJ
D-643,B300022195,E450AJ
D-644,B300022196,E450AJ
D-645,B200088795,ES2632
D-646,B200088601,ES2632
D-647,B200088146,ES2632
D-648,B200088599,ES2632
D-649,B200088600,ES2632
D-650,B200088794,ES2632
D-651,B200088796,ES2632
D-652,B200088364,ES2632
D-653,B200088365,ES2632
D-654,B200088982,ES2632
D-655,300309242,E300AJP
D-656,300308163,E300AJP
D-657,300096698,M600JP
D-658,None,M600JP
D-659,300089352,1250AJP
D-660,300140786,1250AJP
D-661,B200088397,ES2632
D-662,B200089971,ES2632
D-663,B200089970,ES2632
D-664,B200089966,ES2632
D-665,B200089969,ES2632
D-666,B200089968,ES2632
D-667,B200088983,ES2632
D-668,B200089972,ES2632
D-669,B200090204,ES2632
D-670,B200089967,ES2632
D-671,200170399,2630ES
D-672,200170434,2630ES
D-673,200170434,2630ES
D-674,200170434,2630ES
D-675,200170434,2630ES
D-676,200170399,2630ES
D-677,200170519,2630ES
D-678,200170465,2630ES
D-679,200170457,2630ES
D-680,200170499,2630ES
D-681,200170443,2630ES
D-682,B300024083,E450AJ
D-683,B300023864,E450AJ
D-684,B300023699,E450AJ
D-685,B300023865,E450AJ
D-686,B300020913,EC600SJ
D-687,B300020911,EC600SJ
D-688,B300021701,EC600SJ
D-689,B300021702,EC600SJ
D-690,B300020817,EC600SJ
D-691,B300021703,EC600SJ
D-692,B300021326,EC600SJ
D-693,B300020915,EC600SJ
D-694,B300020914,EC600SJ
D-695,B300020912,EC600SJ
D-696,B300022467,860SJ
D-697,B300022542,860SJ
D-698,B300022648,860SJ
D-699,B300009321,1100SJ
D-700,B300009323,1100SJ
D-701,B300009324,1100SJ
D-702,B300010998,1100SJ
D-703,B300011279,1100SJ
D-704,B300025085,E450AJ
D-705,B300024480,E450AJ
D-706,B300021976,EC600SJ
D-707,B300022072,EC600SJ
D-708,B300021301,EC600SJ
D-709,B300022073,EC600SJ
D-710,B300021868,EC600SJ
D-711,B300022251,EC600SJ
D-712,B300022162,EC600SJ
D-713,B300022252,EC600SJ
D-714,B300022250,EC600SJ
D-715,B300022163,EC600SJ
D-716,A300065967,TOUCAN 10E
D-717,A300065918,TOUCAN 10E
D-718,A300064904,TOUCAN 12E Plus
D-719,A300063440,TOUCAN 12E Plus
D-720,B300025712,860SJ
D-721,B300025956,860SJ
D-722,B300025088,E450AJ
D-723,B300025454,E450AJ
D-724,B300025631,E450AJ
D-725,B300025632,E450AJ
S-01,Z452508A-35573,Z45/25
R-01,Z452504-24091,Z45/25
H-3,NPR61G-7100619,-
H-5,NKR66E-741681,HIGH RIDER 17 M
H-7,NPR66L-7108045,HIGH RIDER 20 M
H-8,NPR71L-7404359,HIGH RIDER 20 M 
H-9,NPR72L-7407474,HIGH RIDER 20 M 
H-10,NPR72L-7407403,HIGH RIDER 20 M 
H-11,NPR72L-7407463,HIGH RIDER 20 M 
H-12,-,HIGH RIDER 22 M 
H-14,FC3JLA-10322,HIGH RIDER 26 M 
H-15,FC3JLA-10398,HIGH RIDER 26 M 
H-16,NRR33G1-3000203,HIGH RIDER 26 M 
H-17,NRR33G1-3000218,HIGH RIDER 26 M 
H-36,FA0237,CRANE  8  T  
H-37,71-5213 ชลบุรี,HIGH RIDER 26 M 
H-38,4BC2781741,HIGH RIDER 14 M 
H-39,285054,SP210
H-40,GS-14318,GS-2646
H-41,8920,Z45/25 DC
H-42,27660,GS-3246 
H-43,424603,SP181
H-44,424466,SP181
H-45,432504,SP300
H-46,GS4608-94164,GS-3246
H-47,GS4610A-95397,GS-3246
H-48,450494,SP210
H-49,20975,Z45/25 DC
H-51,20748,Z45/25 DC
H-56,Z4525-20544,Z45/25 DC
H-60,GS4605-87224,GS-3246
H-62,Z4525-20609,Z45/25 DC
H-64,GS4605-75090,GS-3246
H-65,GS4605-75147,GS-3246
H-69,432237,SP300
H-70,71-4634,HIGH RIDER
H-71,71-5883,HIGH RIDER
H-72,70-8383  สระบุรี,HIGH RIDER
H-73,450152,SP150
H-74,450442,SP210
H-75,424014,SP181
H-76,GS4605-63852,GS-3246
H-77,GS4605-63521,GS-3246
H-78,Z4525-19306,Z45/25 J
H-79,450435,SP210
H-80,82-1621,-
H-81,71-5573,HIGH RIDER
H-82,GS90-40667,GS-4390RT
H-83,GS90-40997,GS-5390RT
H-84,Z4525-19357,Z45/25 DC
H-85,424035,SP150
H-86,423895,SP150
H-88,Z4525-19326,Z45/25 DC
H-89,71-7094 ชลบุรี,HIGH RIDER
H-90,GS4610A-096114,GS-2646
H-91,71-7029,XZU430
H-92,319848,SV093
H-94,SP181-424793,SP181
H-96,450255,SP150
H-97,48153,GS-3246
H-98,24185,Z45/25 DC
H-99,Z452504-24219,Z45/25 DC
H-100,SP181-424670,SP181
H-101,47450,GS-5390RT
H-102,41325,GS-4390RT
H-103,854,NPH40
H-104,833,NPH40
H-105,829,NPH40
H-106,828,NPH40
H-107,848,NPH40
H-108,Z452511A-40341,Z45/25 DC
H-109,Z452511A-40343,Z45/25 DC
H-110,96595,GS-3246
H-111,GS4611A-96596,GS-3246
H-112,96597,GS-3246
H-113,GS4611A-96598,GS-3246
H-114,GS4606-77245,GS-2646
H-115,Z452504-23006,Z45/25 DC
H-116,Z452511A-40585,Z45/25 DC
H-117,Z452511A-40602,Z45/25 DC
H-118,Z452511A-40587,Z45/25 DC
H-119,Z452511A-40606,Z45/25 J
H-120,GS4605-75452,GS-3246
H-121,GS4605-75989,GS-3246
H-123,GS4605-75987,GS-3246
H-124,Z452511A-40604,Z45/25 DC
H-125,Z34N-002718,Z34/22 DC
H-126,2717,Z34/22 DC
H-127,1721,Z34/22 DC
H-128,SP181-423799,SP181
H-129,450121,SP210
H-130,450153,SP150
H-131,450154,SP210
H-132,212,KH-60
H-133,221,KH-60
H-134,13,KH-60
H-135,18,KH-60
H-136,22,KH-60
H-137,14,KH-60
H-138,Z452511A-40613,Z45/25 DC
H-139,GS4611A-96506,GS-2646
H-140,GS4611A-96674,GS-2646
H-141,230,KH-60
H-142,GS3004-64485,GS-1930
H-143,234,KH-60
H-144,276,KH-60
H-145,GS4611A-96886,GS-3246
H-146,226,KH-60
H-147,225,KH-60
H-148,GS4605-62054,GS-3246
H-149,GS4605-62031,GS-3246
H-150,GS4605-62037,GS-3246
H-151,GS4605-77465,GS-3246
H-152,Z4525-19984,Z45/25 DC
H-153,Z4525-20325,Z45/25 DC
H-154,Z4525-20569,Z45/25 DC
H-157,GS4608-94122,GS-3246
H-158,GS4608-94128,GS-3246
H-159,-,KH-60
H-160,289,KH-60
H-161,290,KH-60
H-170,Z452511A-40690,Z45/25 DC
H-171,40704,Z45/25 DC
H-172,GS4611A-97524,GS-3246
H-173,GS4611A-97521,GS-3246
H-175,GS4602-47873,GS-3246
H-177,-,GS-3246
H-178,GS4602-48982,GS-3246
H-180,Z452511A-41418,Z45/25 DC
H-181,60655,GS-3246
H-182,GS4603-50556,GS-2646
H-185,12833,Z45/25 DC
H-194,Z4525-20304,Z45/25 DC
H-196,Z4525-17976,Z45/25 DC
H-197,Z4525-17842,Z45/25 DC
H-199,GS4604-61292,GS-3246
H-198,GS4603-49622,GS-3246
H-202,GS4602-46404,GS-3246
H-203,Z34N04-4454,Z-34/22 N
H-204,Z452503-21703,Z45/25 DC
H-205,Z34N-3777,Z-34/22 N
H-206,Z4525-20062,Z45/25 J
H-207,Z452511A-41744,Z45/25 DC
H-208,450436,SP210
H-211,Z4525-20032,Z45/25 DC
H-212,Z452511A-42018,Z45/25 DC
H-213,ทะเบียน 71-9175 ชบ,HIGH RIDER
H-214,GS4605-75984,GS-3246
H-215,GS4605-75668,GS-3246
H-216,GS4605-75133,GS-3246
H-217,GS4605-75671,GS-3246
H-218,GS4605-75207,GS-3246
H-219,GS4605-75705,GS-3246
H-221,GS4605-75272,GS-3246
H-222,GS4605-75386,GS-3246
H-223,GS4605-63967,GS-3246
H-224,GS4605-75451,GS-3246
H-225,GS4605-63961,GS-3246
H-226,GS4605-63968,GS-3246
H-227,GS4605-75442,GS-3246
H-228,GS4605-63969,GS-3246
H-229,GS4605-77058,GS-3246 Modify To GS-4046
H-231,12325,Z45/25 DC
H-232,Z-45-013055,Z45/25 DC
H-233,Z-45-012220,Z45/25 DC
H-234,424380,SP150
H-236,Z45-012869,Z45/25 DC
H-240,424054,SP181
H-241,424058,SP181
H-242,423953,SP181
H-243,424053,SP181
H-244,424055,SP181
H-245,424056,SP181
H-247,Z45-15847,Z45/25 DC
H-248,GS4605-76558,GS-3246
H-249,GS4605-63389,GS-3246
H-250,GS4611A-97895,GS-3246
H-251,GS4611A-97809,GS-3246
H-252,Z452504-23430,Z45/25 DC
H-253,Z4511A-42312,Z45/25 DC
H-254,Z4525-15759,Z45/25 DC
H-255,S80-3396,S-85
H-256,GS4612A-98696,GS-2646
H-257,GS4612A-98697,GS-2646
H-258,GS4611A-97892,GS-3246
H-259,Z452504-23995,Z45/25 DC
H-260,72-0437 ชลบุรี,HIGH RIDER
H-262,Z452511A-42366,Z45/25 DC
H-263,Z60-2257,Z60/34
H-264,S8004-3885,S-85
H-265,Z8005-533,Z80/60
H-266,424352,SP181
H-267,424287,SP181
H-268,656462,SP210
H-269,GS4605-76235,GS-3246
H-270,GS4605-76521,GS-3246
H-271,GS4612A-98683,GS-2646
H-272,S8005-4191,S-85
H-273,Z8005-517,Z80/60
H-274,Z-45-011259,Z45/25 DC
H-275,Z452504-23989,Z45/25 DC
H-276,Z452503-22091,Z45/25 J
H-277,Z452504-23945,Z45/25 DC
H-278,12134,Z45/25 DC
H-279,Z-45-013045,Z45/25 DC
H-280,GS6912-1301,GS-4069 DC
H-281,GS4612A-110361,GS-3246
H-282,GS4612A-110379,GS-3246
H-283,GS4612A-110328,GS-3246
H-287,Z452512A-44117,Z45/25 DC
H-288,Z452512A-43952,Z45/25 DC
H-289,Z452512A-44183,Z45/25 DC
H-290,Z452512A-44177,Z45/25 DC
H-291,Z452512A-44171,Z45/25 DC
H-292,GS4605-63746,GS-3246
H-293,GS4605-63721,GS-3246
H-294,GS4605-63612,GS-3246
H-295,GS4605-63113,GS-3246
H-296,GS4605-63116,GS-3246
H-297,GS4605-62794,GS-3246
H-298,Z6005-5188,Z60/34
H-299,Z6005-5265,Z60/34
H-300,GS4605-63680,GS-3246
H-301,GS4605-63231,GS-3246
H-303,424250,SP 210
H-305,3732,Z60/34
H-314,Z4525-14960,Z45/25 J
H-315,-,Z45/25 J
H-316,Z452506-29352,Z45/25 J
H-317,Z40N12-1666,Z-40/23N 
H-318,Z452504-22584,Z45/25 J
H-319,GS6912-1410,GS-4069 DC
H-320,GS6913-1904,GS-4069 DC
H-321,GS6912-1418,GS-4069 DC
H-323,GS6912-1504,GS-4069 DC
H-325,GS6913-1906,GS-4069 DC
H-326,S8003-3507,S-85
H-327,Z8004-376,Z80/60
H-328,Z6005-5170,Z60/34
H-329,GS4612A-111331,GS-3246
H-330,GS4612A-111332,GS-3246
H-331,GS4612A-111333,GS-3246
H-332,GS6913-1670,GS-4069 DC
H-333,GS6913-1672,GS-4069 DC
H-334,Z4525-18697,Z45/25 J
H-335,14323,Z45/25 J
H-336,-,Z45/25 J
H-337,Z60-3533,Z60/34
H-338,S8003-3558,S-85 4WD
H-339,424751,SP210
H-340,Z452505-25849,Z45/25 DC
H-341,Z4525-25835,Z45/25 DC
H-342,Z4525-25133,Z45/25 DC
H-343,Z4525-25853,Z-45/25J DC
H-344,GS4605-76539,GS-3246
H-345,GS4605-75674,GS-3246
H-346,GS4605-63649,GS-2646
H-347,GS4605-63663,GS-2646
H-348,GS4605-76551,GS-3246
H-349,GS4605-75607,GS-3246
H-350,GS4612A-111330,GS-3246
H-351,Z6004-4628,Z60/34
H-352,Z6005-4943,Z60/34
H-354,GS4612-110648,GS-2646
H-355,GS4604-50138,GS-2646
H-356,GS4605-63647,GS-2646
H-357,GS4605-75419,GS-3246
H-358,Z4525-18498,Z45/25 J
H-359,Z4525-18703,Z45/25 J
H-360,Z6004-4624,Z60/34
H-361,Z4525-15643,Z45/25 DC
H-362,Z4525-17506,Z45/25 DC
H-363,-,Z45/25 DC
H-364,Z4525-18256,Z45/25 DC
H-365,Z452506-29354,Z45/25 DC
H-366,Z452504-23859,Z45/25 DC
H-367,Z452505-25975,Z45/25 DC
H-368,Z452505-25698,Z45/25 DC
H-369,Z452505-25129,Z45/25 DC
H-370,4534,Z60/34
H-371,GS3212A-110599,GS-2632
H-372,3333,Z-34/22 BI
H-373,5188,S-65 4WD
H-376,424420,SP210
H-377,SP21A-424248,SP210
H-378,25738,Z45/25 DC
H-379,GS3203-50528,GS-2632
H-380,Z452505-24969,Z45/25 DC
H-381,24929,Z45/25 DC
H-382,S12504-986,S-125 4WD
H-383,Z60-3565,Z60/34
H-384,7821,S-60
H-385,Z60-1997,Z60/34
H-386,GS4613A-112731,GS-3246
H-387,GS4613A-112733,GS-3246
H-388,GS4613A-112751,GS-3246
H-389,GS4613A-112755,GS-3246
H-390,GS4613A-112760,GS-3246
H-391,GS4713C-548,GS-4047
H-392,GS4713C-549,GS-4047
H-393,Z452513A-47204,Z45/25 DC
H-394,Z452513A-47189,Z45/25 DC
H-395,Z452513A-47258,Z45/25 DC
H-396,Z452513A-47255,Z45/25 DC
H-397,GS3205-62563,GS-2632
H-398,GS3205-75718,GS-2632
H-399,GS3205-75466,GS-2632
H-400,GS3205-63057,GS-2632
H-401,GS3205-75284,GS-2632
H-403,Z452504-22629,Z45/25 DC
H-404,Z452504-24091,Z45/25 DC
H-405,Z452504-24099,Z45/25 DC
H-406,GS4713C-544,GS-4047
H-407,GS6912-1425,GS-4069DC
H-408,1559,GS-4069
H-409,Z452505-24424,Z45/25 DC
H-410,Z452505-26086,Z45/25 DC
H-411,Z452505-25094,Z45/25 DC
H-412,Z452505-26255,Z45/25 DC
H-413,GS4613A-112969,GS-3246
H-414,GS4613A-112983,GS-3246
H-415,GS4613A-113008,GS-3246
H-416,GS4613A-112972,GS-3246
H-417,GS4613A-112986,GS-3246
H-418,Z8005-632,Z80/60
H-419,GS4604-61804,GS-3246
H-420,GS4604-61328,GS-3246
H-421,GS4604-61346,GS-3246
H-422,GS4604-61323,GS-3246
H-424,GS4604-61351,GS-3246
H-425,GS4604-61308,GS-3246
H-426,GS4604-61652,GS-3246
H-427,GS4604-61662,GS-3246
H-429,GS4604-61306,GS-3246
H-430,GS4604-61802,GS-3246
H-431,GS4604-61331,GS-3246
H-432,GS4604-61326,GS-3246
H-433,GS4604-61670,GS-3246
H-434,Z452513A-47432,Z45/25 DC
H-435,Z452513A-47410,Z45/25 DC
H-436,Z452513A-47445,Z45/25 DC
H-437,Z452513A-47416,Z45/25 DC
H-438,GS6913-1952,GS-4069
H-439,Z452513A-47424,Z45/25 DC
H-440,Z452513A-47392,Z45/25 DC
H-441,Z452513A-47377,Z45/25 DC
H-442,Z4525-18432,Z45/25 DC
H-443,Z452505-25858,Z45/25 DC
H-444,7864,S-65
H-445,Z452505-25976,Z45/25 J
H-446,S60-7451,S-65
H-447,Z34-3072,Z34/22N 
H-448,10563,Z45/25 DC
H-449,63674,GS-2646
H-450,GS4605-63637,GS-2646
H-451,41989,GS-2668
H-452,S125-521,S-125
H-453,Z34N-002951,Z34/22N 
H-454,Z34-2677,Z34/22N 
H-455,GS4713C-714,GS-4047
H-456,GS4713C-708,GS-4047
H-457,GS4713C-731,GS-4047
H-458,Z4519-10996,Z45/25 DC
H-459,GS4606-81220,GS-3246
H-460,GS4606-79609,GS-3246
H-461,Z-45-010882,Z45/25 DC
H-462,S80-3014,S-80
H-471,Z452513A-49623,Z45/25 DC
H-472,Z452513A-49625,Z45/25 DC
H-473,Z452513A-49518,Z45/25 DC
H-474,Z452513A-49521,Z45/25 DC
H-477,23983,Z45/25 DC
H-478,Z452507-33967,Z45/25 DC
H-479,Z4525-17403,Z45/25
H-522,SP25B-714181,BOOM 25 M
H-523,SP25B-714033,BOOM 25 M
H-527,SP21A-666467,BOOM 21 M
H-528,SP21A-673341,BOOM 21 M
H-535,SP21A-703377,BOOM 21 M
H-536,Z34N15-11751,Z34/22N 
H-537,Z34N15-11754,Z34/22N 
H-538,Z34N15-11756,Z34/22N 
H-539,Z34N05-5253,Z34/22N 
H-540,GS4605-76889,GS-2646
H-541,GS4605-76891,GS-2646
H-542,Z30N05-7494,Z30/20NRJ
H-543,GR06-5842,GR-15
H-544,GR10-203,GRC-12
H-545,GR07-10407,GR-15
H-546,GR07-8645,GR-15
H-547,4492,Z30/20NRJ
H-548,GS3008A-92602,GS-1932
H-549,GS3007A-89894,GS-1932
H-550,GS3004-64278,GS-1532 AV/GS1932
H-551,GS3004-64288,GS-1532 AV/GS1932
H-552,GS9005-42039,GS-5390RT
H-553,GS9004-42003,GS-5390RT
H-554,Z34N-3282,Z34/22N
H-555,Z34-3193,Z34/22N
H-556,Z34N-3404,Z34/22N
H-557,Z30N06-8504,Z30/20NRJ
H-558,Z30N06-5408,Z34/22N
H-559,Z30N06-5621,Z34/22N
H-560,GR06-7432,GR-15
H-561,GR10-16170,GR-15
H-562,GS23578,GS-2032
H-563,GS3008B-096304,GS-1930
H-564,GR04-3091,GR-15
H-565,Z34N06-5718,Z34/22N
H-566,Z34N06-6059,Z34/22N
H-567,Z30N06-8600,Z30/20NRJ
H-568,GS3006A-083111,GS-1932
H-569,GS3009A-098993,GS-1932
H-570,GS3008B-92909,GS-1932
H-571,GS3006A-083109,GS-1932
H-572,GS3007B-083443,GS-1932
H-573,GR06-6163,GR-15
H-574,GS3004-63068,GS-1932
H-575,GS9003-41499,GS-4390RT
H-576,GS9003-41469,GS-4390RT
H-577,6335,S45/4WD
H-578,TZ5008-524,TZ50/30
H-579,TZ5008-457,TZ50/30
H-580,GR07-9808,GR-15
H-581,GR06-7709,GR-15
H-582,GR-7707,GR-15
H-583,Z34N06-5935,Z34/22N
H-584,GS3009B-098046,GS-1932
H-585,GS3006A-083825,GS-1932
H-586,GS30-54182,GS-1932
H-587,GS3007B-083504,GS-1932
H-588,Z8007-1228,Z80/60
H-589,GR07-9835,GR-20
H-590,GR07-9837,GR-20
H-591,GS3005-72659,GS-1932
H-592, -,GS-2046
H-593,GS3008B-09005,GS-1932
H-594,GS3008B-70890,GS-1532/GS1932
H-595,Z4525D-1777,Z45/25 DC
H-596,Z4525D-1640,Z45/25 DC
H-597,Z4525D-1641,Z45/25 DC
H-598,Z4525D-1709,Z45/25 DC
H-599,Z4525D-1710,Z45/25 DC
H-600,Z-30ND-409,Z30/20NRJ
H-601,Z-30ND-408,Z30/20NRJ
H-602,Z-30ND-410,Z30/20NRJ
H-603,Z4525D-1743,Z45/25J DC
H-604,Z4525D-1742,Z45/25J DC
H-605,GS3011A-102945,GS-1932
H-606,Z30ND-431,Z30/20NRJ
H-607,Z34N03-4176,Z34/22 N
H-608,Z34N04-4463,Z34/22 N
H-609,GS3009-098109,GS-1932
H-610,GS3005-70193,GS-1932
H-611,GS3004-63064,GS-1932
H-612,GS3004-62977,GS-1932
H-613,GS3008A-92528,GS-1932
H-614,GS3003B-094098,GS-1932
H-615,GS3205-61347,GS-2032/GS2632
H-616,S4507-12604,S-45
H-617,GS3205-61311,GS-2032/GS2632
H-618,GR07-10363,GR-15
H-619,Z4525-21102,Z45/25 DC
H-620,GR08-12386,GR-20
H-621,GR08-12981,GR-15
H-622,GR08-10478,GR-15
H-623,GS3008B-095344,GS-1932
H-624,GS3008B-097412,GS-1932
H-625,Z30N04-7011,Z30/20NRJ
H-626,Z30N04-7029,Z30/20NRJ
H-627,Z30N04-7012,Z30/20NRJ
H-628,Z34N08-8653,Z34/22 N
H-629,GS3009A-099001,GS-1932
H-630,GS3009B-97025,GS-1932
H-631,GS9007-44539,GS-4390RT
H-632,Z30N05-7685,Z30/20NRJ
H-633,Z30N04-7021,Z30/20NRJ
H-634,Z30N04-6733,Z30/20NRJ
H-635,Z30N05-7433,Z30/20NRJ
H-636,Z6004-4687,Z60/34
H-637,Z6008-9563,Z60/34
H-638,GS9004-41579,GS-4390RT
H-639,GS9004-41633,GS-4390RT
H-640,-,GR-20
H-641,GS9006-43431,GS-4390RT
H-642,Z60H-2513,Z60/34
H-643,Z60H-2514,Z60/34
H-644,Z60H-2522,Z60/34
H-645,GS55D-513,GS4655
H-646,GS55D-514,GS4655
H-647,GS55D-515,GS4655
H-648,GS55D-516,GS4655
H-649,GS55D-517,GS4655
H-650,GS55D-518,GS4655
H-651,GS55D-519,GS4655
H-652,GS55D-520,GS4655
H-653,Z80H-7919,Z80/60
H-654,Z80H-7921,Z80/60
H-655,Z13510-1234,Z135/70
H-656,Z513008B-346,Z51
H-657,S4509-15520,S-45
H-658,GS3010A-100258,GS-1932
H-659,Z13510-1191,Z135/70
H-660,Z13510-1247,Z135/70
H-661,GS9006-43597,GS-5390RT
H-662,709966,SR18A
H-663,711961,SR18A
H-664,710735,SR18A
H-665,702459,SR21A
H-666,723372,SR21A
H-667,714139,SR18A
H-668,685801,SR21A
H-669,Z13511-1333,Z135/70
H-670,719944,SR21A
H-671,714095,SR18A
H-672,709427,SR21A
H-673,697825,SR18A
H-674,691755,SR18A
H-675,721474,SR18A
H-676,717409,SR21A
H-677,682749,SR21A
H-678,727459,BOOM 25 M
H-679,GS3012A-117486,GS-1930
H-680,15,KKH46
H-681,Z13506-331,Z135/70
H-682,Z30N06-8990,Z30/20NRJ
H-683,GS3207-85967,GS-2632
H-684,GS3207-85974,GS-2632
H-685,Z13512-1633,Z135/70
H-686,Z13512-1657,Z135/70
H-687,Z13512-1629,Z135/70
H-688,Z30N04-6973,Z30/20N
H-689,Z13507-403,Z135/70
H-690,Z60D-190,Z60 DC
H-691,Z60D-191,Z60 DC
H-692,GS30D-52090,GS-1932
H-693,GS30D-50117,GS-1932
H-694,GS30D-50120,GS-1932
H-695,GS30D-52086,GS-1932
H-696,GS30D-50121,GS-1932
H-697,GS30D-52087,GS-1932
H-698,GS30D-50074,GS-1932
H-699,GS30D-49785,GS-1932
H-700,GS30D-50119,GS-1932
H-701,GS32D-14117,GS-2032
H-702,721706,SR21A
H-703,720354,SR21A
H-704,724450,SR21A
H-705,Z13510-1241,Z135/70
H-706,Z60D-313,Z135/70
H-707,Z60D-315,Z135/70
H-708,Z60D-316,Z135/70
H-709,Z60D-317,Z135/70
H-710,Z60D-319,Z135/70
M-106,AWP08-60206,AWP-30S
M-107,AWP07-57483,AWP-40S
M-134,AWP13-76856,AWP-40S
M-135,AWP14-80063,AWP-40S
T-8,-,รถเฮี๊ยบ  5  ตัน 6 ล้อ
T-21,"    ปั้นจั่น : TM-ZE504GMH,       S/N : EW7754",รถเฮี๊ยบ 5 ตัน 12 ล้อ
T-24,"         ปั้นจั่น : SS2725LB,      S/N : D12K 158",รถเฮี๊ยบ 10 ตัน 12 ล้อ
T-26,"    ปั้นจั่น : TM-ZE504GMH,       S/N : EW8007",รถเฮี๊ยบ  5  ตัน 6 ล้อ
T-27,"    ปั้นจั่น : TM-ZE504GMH,       S/N : EW7748",รถเฮี๊ยบ  5  ตัน 10 ล้อ
T-31,"    ปั้นจั่น : TM-ZE504GMH,       S/N : EW8006",รถเฮี๊ยบ  5  ตัน 10 ล้อ
T-33  ,"ปั้นจั่น : URV343, S/N : FU300426",รถเฮี๊ยบ  3  ตัน 6 ล้อ
T-34,"ปั้นจั่น : URV233, S/N : FU230201",รถเฮี๊ยบ 2 ตัน 6 ล้อ
T-40,"ปั้นจั่น : URV343, S/N : FU300544",รถเฮี๊ยบ  3  ตัน 6 ล้อ
D-46,LZGCPA325PA002650,เครน 25 ตัน 10 ล้อ
B-01,-,PW 60
B-02,PW10031651,PW 100 
B-04,-,PW 20
B-09,-,PC 200-5
B-10,-,PC 200-5
B-11,-,PC 120-3
B-12,-,PC 200-5 
B-13,-,PC 200-5 บูมยาว
B-14,-,PW 100-3
B-15,-,PC 200-6
B-16,-,PC 200-5
B-18,-,PC 200-5
B-19,6D95L-63439,PW 100-3A
B-20,PW1003A-2746,PW 100-3 (บ+ย)
B-22,APA00058,CAT320 CU 
B-23,-,PW 130 HALLA
B-24,-,PW 100-3A
B-26,-,PW 100-3
B-27,-,PC 120-5
B-29,-,PW 130-6
B-30,7JK43392,CAT 320  
B-31,CAT0320CJAPA00915,CAT320 CU
B-32,1120K,CAT320 CU 
B-33,CAT0320CCAPA00883,CAT320 CU 
B-34,-,PW 100-3(บ+ย ส้ม)
B-35,-,CAT320 CU
B-36,KMTPC180V87C80284,PC 200-8
B-38,-,CAT321 BCR
B-40,APA00154,CAT320 CU
B-42,-,PW 130-6
B-43,6D95L-22738,PW 100-3(บ+ยเหลือง)
B-44,-,PC 128US
B-45,-,PC 78 US-5
B-46,-,PC 40
B-47,9CZ002497JK37882, 321 BLCR บูมยาว(บ )
B-49,6D95L-137306,PC 210 (บ)
B-51,7JK80693,CAT 320 CLU บูมยาว
B-52,-,PC 128 US-2
B-53,4JM00259,CAT 320L บูมยาว
B-54,-,320 CU
B-55,-,CAT 313
B-56,-,PC 128 US-2
B-57,-,PC 128 US 
B-58,-,SK-20 SR
B-59,-,PC 60
B-60,-,PC 60
B-61,-,SK-30 SR
B-62,-,SK-30SR-2E
B-63,AEX00745,CAT 313
B-64,-,PC 20
B-65,6D95L48786,PW 100-3A
B-66,-,CAT 320 
B-67,-,320 CU
B-68,910492,JCB
B-69,1911,PW 100-3 
B-70,-,PC-30 MR-2
B-71,PW1003A2896,PW 100 (บ+ยแดง)
B-72,6D95L-28317,PW 100-3A  (บ+ย)
B-73,PW1003A2920,PW 100-3 
B-74,-,PC-30 MR-2
B-75,-,320 CU 
B-76,-,CAT 322 CLบูมยาว (บ)
B-77,8GZ00263,CAT 320  BU
B-78,-,PC-30 MR-2
B-79,-,PC-30 MR-2
B-80,-,PC 40
B-82,8GZ00870,CAT 320 BU(บ)
B-83,-,PW 100 
B-84,-,PW 128
B-85,-,PW 130-6
B-86,-,PW 160-7
B-87,KMTPC180C87C70930,PC 200-8 
B-88,KMTPC180A87C70453,PC 200-8
B-89,-,PW 130-7
B-90,CAT0322CHBTE00177,CAT 322 L(บ )
B-91,-,PW 130-7
B-92,KMTPC180T87C68015,PC 200-8( บ 1 ลูก )
B-93,KMTPC180L02353896,PC 200-8 ( บ )
B-94,KMTPC180L87C68705,PC 200-8 ( บ )
B-95,CAT0320DEBWZ02244,320 D บ
B-96,7012,PC 128 US(บ)
B-97,-,PC 128 US (บ)
B-98,-,PW 100-3 (บ)
B-99,KMTPC244E87C11812,PC 200-8 
B-100,-,PC 200-8 (บ)
B-101,KMTPC180E87C72482,PC 200-8 (บ)
B-102,KMTPC180K87C73413,PC 200-8
B-103,KMTPC202AFTC30915,PC 130-8
B-104,KMTPC202LFTC30916,PC 130-8
B-105,KMTPC238AFTC10082,PC 70-8(บ)
B-106,KMTPC202EFTC30921,PC 130-8(บ 2+ย)
B-107,KMTPC238EFTC10085,PC 70-8 (บ)
B-108,KMTPC202PETC30924,PC 130-8
B-109,KMTPC202PETC30924,PC 130-8  
B-110,KMTPC238CFTC10086,PC 70-8 (บ)
B-111,KMTPC244CFTC16005,PC 200-8
B-112,KMTPC244HFTC16012,PC 200-8 ( บ )
B-113,KMTPC244LFTC16011,PC 200-8 ( บ )
B-114,KMTPC244EFTC16013,PC 200-8( บ )
B-115,KMTPC238CEFTC10037,PC 70-8 (บ)
B-116,CAT0313CJHGF01528,CAT 313(บ)
B-117,PW1003A-3330,PW 100-3 
B-118,HHKHZ412EG0000791,HYUNDAI 140W-9S(บ )
B-119,-,PW 100-3(บ)
B-120,0320CTGAA0730,CAT 320 C บูมยาว(บ)
B-121,CAT0320CKFBB00337,CAT320 C 
B-122,10203,PC 90-7
B-123,CAT0313CVHGF01242,CAT 313
B-124,KMTPC039A01010641,PC 128 US  
B- 125,HHKHZ412PJ0001015,HYUNDAI 140W-9S(บ+ย)
B- 126,HHKHZ412CJ0001021,HYUNDAI 140W-9S
B- 127,HHKHZ412VJ0001134,HYUNDAI 140W-9S
B- 128,HHKHZ412AJ0001135,HYUNDAI 140W-9S
B- 129,HHKHZ412LJ0001136,HYUNDAI 140W-9S
B- 130,HHKHZ412EJ0001138,HYUNDAI 140W-9S(บ+ย)
B- 131,HHKHZ412CJ0001142,HYUNDAI 140W-9S)
B- 132,HHKHZ412VJ0001151,HYUNDAI 140W-9S(บ+ยเหลือง)
B- 133,-,HYUNDAI 140W-9S(บ+ยเหลือง)
B- 134,HHKHZ412LJ0001153,HYUNDAI 140W-9S(บ+ย)
B- 135,HHKHZ412HJ0001154,HYUNDAI 140W-9S(บ+ย)
B- 136,HHKHZ412PJ0001158,HYUNDAI 140W-9S
B- 137,4D95L572582,PC 130-8
B-138,KMTPC244TJTC23376,PC 200 LC-8 MO
B- 139,KMTPC24HKTC23407,PC 200 LC-8 MO
B-140,KMTPC282HNTC05289,PC 210 -10 MO
B-141,KMTPC282LPTC05925,PC 210 -10 MO
B-142,KMTPC298APTC20619,PC 130-10 MO
B-143,KMTPC298ENTC20542,PC 130-10 MO
B-144,KMTPC282LPTC06136,PC 210 -10 MO
B-145,KMTPC282EPTC06205,PC 210 -10 MO
B-146,KMTPC282TPTC06207,PC 210 -10 MO
B-147,KMTPC298APTC20703,PC 130-10 MO
B-148,KMTPC282APTC06270,PC 130-10 MO
B-149,KMTPC282LPTC06279,PC 130-10 MO
B- 150,HHKHZ412EE0001778,HYUNDAI 140W-9S(บ+ย)
B- 151,HHKHZ412EE0001839,HYUNDAI 140W-9S(บ+ย)
B- 152,HHKHZ412LE0001840,HYUNDAI 140W-9S(บ+ย)
M-01,-,รถบด 10 ตัน
M-03,-,รถบด 4 ตัน
M-05,-,รถบด 10 ตัน(ล้อยาง)
M-25,1.0158E+11,รถบด 10 ตัน(โบแม็ก)หนาม
M-26,72V11874,รถเกรดเดอร์
M-27,-,รถบด 3.5 ตัน
M-28,-,รถบด 4.5 ตัน
M-42,3KAI-367139,รถบด 4 ตัน
M-65,-,โฟคลิฟท์
M-66,31222,โฟคลิฟท์
M-70,7FD25-31256,โฟคลิฟท์ 2 ตัน
M-110,619477,รถบด 10 ตัน(โบแม็ก)
M-133,-,โฟคลิฟท์ (TOYOTA)
M-140,7FBJ35-13505,โฟคลิพท์ 3 ตัน ไฟฟ้า
M-141,-,โฟคลิฟท์ 2 ตัน
M-142,2SV3111533,รถบด 10 ตัน ล้อเรียบ(SA)
M-143,2SV3111603,รถบด 10 ตัน ล้อหนาม(SA)
M-144,7FB25-33602,โฟคลิพท์ไฟฟ้า
M-145,12897,GAL737 โฟคลิพท์
M-146,12057,GTH4017 โฟคลิพท์
M-147,KMTPC202EFTC30924,GTH4514 โฟคลิพท์
M-148,1.01582E+11,รถบด 10 ตัน แอร์ ล้อหนาม(โบ)
M-149,1.01583E+11,รถบด 10 ตัน แอร์(โบ)
M-150,60448666,รถบด 10 ตัน ล้อเรียบ(โบ)
M-151,8.61584E+11,รถบด 10 ตัน ล้อเรียบ(โบ)
M-152,3PD05198,รถเกรดเดอร์
M-153,8.61584E+11,รถบด 10 ตัน(โบแม็กซ์)
M-154,08Z75832,รถเกรดเดอร์
M-155,-,กระเช้ามือหมุน
M-156,VTW6-10721,รถบด 5 ตัน
